customer,net_sales_mln,pct
"AltiQ Exclusive",69.152815,8.3980634123
"Atliq e Store",70.137969,8.5177025877
Neptune,20.961427,2.5455998163
Synthetic,16.092539,1.9543118091
Novus,12.891021,1.5655127244
Sage,27.120098,3.2935217858
Taobao,4.302321,0.5224829181
"Reliance Digital",12.781474,1.5522091061
Croma,9.910742,1.2035813694
Ezone,10.339706,1.2556756605
Lotus,10.537317,1.2796739563
Viveks,10.145436,1.2320831028
Girias,11.310793,1.3736065098
Flipkart,25.223071,3.0631428339
Ebay,19.845303,2.4100553684
"Atliq Exclusive",10.761863,1.3069432952
Electricalslytical,15.588891,1.8931477359
Expression,12.828147,1.5578771735
Propel,14.146701,1.7180051466
"Acclaimed Stores",14.233836,1.7285870044
"Info Stores",2.406127,0.2922051275
"Flawless Stores",2.370172,0.2878386766
"Electricalsbea Stores",1.477380,0.1794161369
"Surface Stores",2.786990,0.3384579319
Amazon,109.167615,13.2575449508
Zone,6.878957,0.8353950175
Insight,3.590978,0.4360959269
"Forward Stores",5.318879,0.6459358614
Sound,5.661413,0.6875339113
Electricalsocity,16.205606,1.9680429036
"Epic Stores",5.448467,0.6616733009
Leader,24.576555,2.9846285700
"Logic Stores",6.332812,0.7690700191
Path,10.971462,1.3323974389
Control,10.042983,1.2196409948
Elite,5.405820,0.6564941594
"Chip 7",7.248576,0.8802823269
UniEuro,9.651000,1.1720377542
"Media Markt",6.902129,0.8382090739
Sorefoz,6.134238,0.7449547746
Digimarket,5.421285,0.6583722616
Otto,1.570074,0.1906730914
Notebillig,1.476380,0.1792946948
Saturn,1.562756,0.1897843781
Expert,8.372620,1.0167885962
"Currys (Dixons Carphone)",2.424354,0.2944186527
"Vijay Sales",11.198678,1.3599910282
Billa,1.654112,0.2008788430
"Unity Stores",1.592362,0.1933797930
Euronics,5.119519,0.6217251634
Fnac-Darty,3.772038,0.4580842344
"Argos (Sainsbury's)",2.966787,0.3602928580
Coolblue,5.602571,0.6803880150
Boulanger,5.305396,0.6442984575
Mbit,5.176114,0.6285981793
Elkjøp,6.749792,0.8197089480
"Radio Popular",6.960430,0.8452892701
Chiptec,3.916041,0.4755722619
Power,2.585662,0.3140082358
"Premium Stores",5.080318,0.6169645114
"Electricalsara Stores",2.414242,0.2931906302
"Integration Stores",1.870876,0.2272031194
"Atlas Stores",4.180515,0.5076905411
"Electricalsquipo Stores",4.759003,0.5779433415
Nova,0.459618,0.0558169774
BestBuy,8.231736,0.9996793467
"Radio Shack",7.152014,0.8685556343
Costco,12.127004,1.4727288917
Staples,11.447938,1.3902616873
walmart,12.604107,1.5306692843
All-Out,1.065895,0.1294445324
"Nomad Stores",5.253723,0.6380231796
"Electricalslance Stores",3.073839,0.3732934782
Relief,5.307246,0.6445231254
"Circuit City",8.092964,0.9828265829
