customer,region,net_sales_mln,pct_share_region
"Amazon ",APAC,57.504446,13.0179420845
"AltiQ Exclusive",APAC,40.774461,9.2305831765
"Atliq e Store",APAC,36.872345,8.3472163479
Leader,APAC,24.576555,5.5636771046
Sage,APAC,22.906127,5.1855231275
Neptune,APAC,20.961427,4.7452790467
Electricalsocity,APAC,16.205606,3.6686492093
Propel,APAC,14.146701,3.2025512306
Synthetic,APAC,14.140658,3.2011832073
Flipkart,APAC,12.931185,2.9273809092
Novus,APAC,12.891021,2.9182885231
Expression,APAC,12.828147,2.9040550134
Girias,APAC,11.310793,2.5605541562
"Vijay Sales",APAC,11.198678,2.5351733956
"Reliance Digital",APAC,11.128111,2.5191983331
Ebay,APAC,11.076970,2.5076209574
Electricalslytical,APAC,11.008675,2.4921602336
"Atliq Exclusive",APAC,10.761863,2.4362865657
Lotus,APAC,10.537317,2.3854535079
Ezone,APAC,10.339706,2.3407180356
Viveks,APAC,10.145436,2.2967389038
Croma,APAC,9.910742,2.2436085267
Zone,APAC,6.878957,1.5572685254
"Acclaimed Stores",APAC,5.754420,1.3026941654
Taobao,APAC,4.302321,0.9739658323
Digimarket,APAC,3.970914,0.8989414223
"Forward Stores",APAC,3.848592,0.8712499858
Insight,APAC,3.590978,0.8129309450
Sound,APAC,3.417792,0.7737248406
"Surface Stores",APAC,2.786990,0.6309229448
"Logic Stores",APAC,2.210382,0.5003895675
Path,APAC,1.925858,0.4359786008
"Epic Stores",APAC,1.917128,0.4340022904
Control,APAC,1.617107,0.3660830898
"Nomad Stores",APAC,1.549335,0.3507407636
All-Out,APAC,1.065895,0.2412988968
"Electricalsbea Stores",APAC,0.945759,0.2141023302
"Flawless Stores",APAC,0.899367,0.2036000402
"Info Stores",APAC,0.893466,0.2022641631
"Amazon ",EU,19.832639,9.8721909054
"Atliq e Store",EU,19.787614,9.8497785882
"AltiQ Exclusive",EU,13.365762,6.6531415239
UniEuro,EU,9.651000,4.8040260516
Expert,EU,8.372620,4.1676805098
"Chip 7",EU,7.248576,3.6081595628
"Radio Popular",EU,6.960430,3.4647277018
"Media Markt",EU,6.902129,3.4357069244
Elkjøp,EU,6.749792,3.3598773817
Sorefoz,EU,6.134238,3.0534700195
Coolblue,EU,5.602571,2.7888195047
Elite,EU,5.405820,2.6908817853
Boulanger,EU,5.305396,2.6408932337
Mbit,EU,5.176114,2.5765398924
Euronics,EU,5.119519,2.5483683191
"Electricalsquipo Stores",EU,4.759003,2.3689124849
Electricalslytical,EU,4.580216,2.2799167947
"Atlas Stores",EU,4.180515,2.0809556491
"Logic Stores",EU,4.122429,2.0520418933
Chiptec,EU,3.916041,1.9493071167
Fnac-Darty,EU,3.772038,1.8776260304
"Epic Stores",EU,3.531338,1.7578115997
"Electricalslance Stores",EU,3.073839,1.5300800574
"Argos (Sainsbury's)",EU,2.966787,1.4767922534
Power,EU,2.585662,1.2870777752
"Currys (Dixons Carphone)",EU,2.424354,1.2067826934
"Electricalsara Stores",EU,2.414242,1.2017491931
Sound,EU,2.243620,1.1168178354
Synthetic,EU,1.951881,0.9715974690
Flipkart,EU,1.929296,0.9603552218
"Integration Stores",EU,1.870876,0.9312752091
Relief,EU,1.688412,0.8404492005
Billa,EU,1.654112,0.8233755197
"Reliance Digital",EU,1.653363,0.8230026862
"Unity Stores",EU,1.592362,0.7926379164
Otto,EU,1.570074,0.7815435083
Saturn,EU,1.562756,0.7779007912
"Info Stores",EU,1.512661,0.7529647551
Notebillig,EU,1.476380,0.7349049821
"Flawless Stores",EU,1.470805,0.7321298867
"Forward Stores",EU,1.470287,0.7318720393
Digimarket,EU,1.450371,0.7219583534
"Premium Stores",EU,1.396440,0.6951128525
Nova,EU,0.459618,0.2287863274
"Amazon ",LATAM,1.531509,48.4524109322
"Atliq e Store",LATAM,1.097723,34.7287060577
"Electricalsbea Stores",LATAM,0.531620,16.8188830100
Amazon,nan,30.299021,17.0554049278
"AltiQ Exclusive",nan,15.012592,8.4506306516
walmart,nan,12.604107,7.0948876083
"Atliq e Store",nan,12.380286,6.9688981321
Costco,nan,12.127004,6.8263249753
Staples,nan,11.447938,6.4440767963
Flipkart,nan,10.362590,5.8331313263
Path,nan,9.045604,5.0917961685
Ebay,nan,8.768334,4.9357200984
"Acclaimed Stores",nan,8.479416,4.7730873361
Control,nan,8.425875,4.7429489552
BestBuy,nan,8.231736,4.6336675610
"Circuit City",nan,8.092964,4.5555524083
"Radio Shack",nan,7.152014,4.0258889823
Sage,nan,4.213971,2.3720562377
"Nomad Stores",nan,3.704388,2.0852105205
"Premium Stores",nan,3.683878,2.0736653833
Relief,nan,3.618834,2.0370519310
