customer_code,total_sold_quantity,total_forecast_quantity,net_error,net_error_pct,abs_error,abs_error_pct,customer,market,forecast_accuracy
90025209,13178,15428,2065,13.3848,8051,52.1843,"Electricalsbea Stores",Columbia,47.8157
90013120,109547,133532,23944,17.9313,70378,52.7050,Coolblue,Italy,47.2950
70010048,119439,142010,22547,15.8771,75645,53.2674,"Atliq e Store",Bangladesh,46.7326
90023027,236189,279962,43760,15.6307,149274,53.3194,Costco,Canada,46.6806
70027208,33713,47321,13342,28.1947,25398,53.6717,"Atliq e Store",Brazil,46.3283
90023026,228988,273492,44495,16.2692,146921,53.7204,Relief,Canada,46.2796
90017051,86823,118067,31151,26.3842,63449,53.7398,"Forward Stores",Portugal,46.2602
90017058,86860,110195,23242,21.0917,59348,53.8573,Mbit,Portugal,46.1427
90023028,239081,283323,44233,15.6122,153039,54.0157,walmart,Canada,45.9843
90023024,246397,287233,40835,14.2167,155585,54.1668,Sage,Canada,45.8332
90013124,110898,136116,25185,18.5026,73759,54.1883,"Amazon ",Italy,45.8117
90015146,147152,210507,63339,30.0888,114135,54.2191,Mbit,Norway,45.7809
90017054,84371,114698,30260,26.3823,62378,54.3846,"Flawless Stores",Portugal,45.6154
90015147,154897,223867,68948,30.7986,122050,54.5190,Chiptec,Norway,45.4810
80001019,1113979,1275248,161269,12.6461,695779,54.5603,Neptune,China,45.4397
90009130,103290,110175,6869,6.2346,60145,54.5904,"Logic Stores",Newzealand,45.4096
90015144,160074,225637,65529,29.0418,123209,54.6050,Sound,Norway,45.3950
90017050,85272,114688,29338,25.5807,62648,54.6247,"Electricalsara Stores",Portugal,45.3753
70013125,101658,123428,21714,17.5924,67440,54.6391,"AltiQ Exclusive",Italy,45.3609
90015149,142086,212500,70407,33.1327,116133,54.6508,UniEuro,Norway,45.3492
90021088,224350,323689,99322,30.6844,176952,54.6673,Electricalslytical,"United Kingdom",45.3327
70009134,103747,110791,7020,6.3363,60646,54.7391,"Atliq e Store",Newzealand,45.2609
90021094,208512,301367,92823,30.8007,164997,54.7495,Coolblue,"United Kingdom",45.2505
90013118,101847,126289,24379,19.3041,69145,54.7514,Fnac-Darty,Italy,45.2486
70017060,89925,120744,30738,25.4572,66174,54.8052,"Atliq e Store",Portugal,45.1948
90013122,100746,123516,22720,18.3944,67716,54.8237,"Radio Popular",Italy,45.1763
90017053,84149,111740,27545,24.6510,61279,54.8407,"Info Stores",Portugal,45.1593
90017059,87828,114154,26258,23.0023,62614,54.8505,"Amazon ",Portugal,45.1495
70023031,234114,286297,52171,18.2227,157141,54.8874,"AltiQ Exclusive",Canada,45.1126
90023025,220808,266351,45530,17.0940,146208,54.8930,"Premium Stores",Canada,45.1070
90023022,225182,264886,39702,14.9883,145510,54.9331,"Nomad Stores",Canada,45.0669
90002007,746226,778757,32531,4.1773,427909,54.9477,Girias,India,45.0523
90001021,259715,297960,38239,12.8336,163907,55.0097,Taobao,China,44.9903
90017049,82557,112228,29627,26.3989,61737,55.0103,"Premium Stores",Portugal,44.9897
90017052,88498,121705,33131,27.2224,67039,55.0832,Power,Portugal,44.9168
90027207,32354,44608,11993,26.8853,24599,55.1448,"Amazon ",Brazil,44.8552
90017056,88606,120208,31540,26.2379,66308,55.1611,Sorefoz,Portugal,44.8389
90013123,103752,129491,25702,19.8485,71448,55.1760,Expert,Italy,44.8240
90015148,160192,220107,59909,27.2181,121507,55.2036,Boulanger,Norway,44.7964
90017055,88219,120089,31787,26.4695,66307,55.2149,"Electricalslance Stores",Portugal,44.7851
90013119,104824,130639,25765,19.7223,72143,55.2232,"Argos (Sainsbury's)",Italy,44.7768
90013116,109113,134044,24885,18.5648,74167,55.3303,"Unity Stores",Italy,44.6697
90002012,749889,792439,42550,5.3695,438508,55.3365,Electricalsocity,India,44.6635
90021087,211131,319727,108580,33.9602,177184,55.4173,"Logic Stores","United Kingdom",44.5827
90020097,30753,31533,707,2.2421,17481,55.4372,"Atlas Stores",Austria,44.5628
90021095,219009,314310,95284,30.3153,174330,55.4644,"Amazon ","United Kingdom",44.5356
90021093,204913,296243,91324,30.8274,164396,55.4936,"Chip 7","United Kingdom",44.5064
90021086,210548,298342,87769,29.4189,165683,55.5346,"Electricalsquipo Stores","United Kingdom",44.4654
90021090,209910,297954,88026,29.5435,165710,55.6160,"Radio Popular","United Kingdom",44.3840
90002001,695430,723756,28326,3.9137,402842,55.6599,"Reliance Digital",India,44.3401
90020098,29796,31616,1720,5.4403,17602,55.6743,"Electricalsquipo Stores",Austria,44.3257
90002010,711794,732173,20379,2.7834,407849,55.7039,Ebay,India,44.2961
70015152,158481,223475,64978,29.0762,124656,55.7807,"Atliq e Store",Norway,44.2193
90009127,105176,113751,8551,7.5173,63493,55.8175,"Epic Stores",Newzealand,44.1825
90001020,289006,317484,28471,8.9677,177367,55.8664,Zone,China,44.1336
90002003,736363,763239,26876,3.5213,426568,55.8892,Ezone,India,44.1108
90020102,31568,30972,-745,-2.4054,17339,55.9828,Fnac-Darty,Austria,44.0172
90009131,106222,115297,9044,7.8441,64550,55.9858,Path,Newzealand,44.0142
90009132,108371,115999,7603,6.5544,64977,56.0151,"Amazon ",Newzealand,43.9849
90021089,205601,304342,98732,32.4411,170558,56.0416,"Atlas Stores","United Kingdom",43.9584
70010047,116158,134945,18755,13.8983,75683,56.0843,"AltiQ Exclusive",Bangladesh,43.9157
90010045,112653,128195,15508,12.0972,71964,56.1364,Control,Bangladesh,43.8636
90015150,146165,209437,63240,30.1952,117580,56.1410,"Amazon ",Norway,43.8590
70023032,244350,283856,39494,13.9134,159470,56.1799,"Atliq e Store",Canada,43.8201
90013117,101217,124613,23345,18.7340,70031,56.1988,Euronics,Italy,43.8012
90023023,371184,441346,70162,15.8973,248034,56.1994,Amazon,Canada,43.8006
90017057,83058,113719,30590,26.8996,63922,56.2105,Euronics,Portugal,43.7895
70013126,103808,125312,21466,17.1300,70448,56.2181,"Atliq e Store",Italy,43.7819
90023030,230055,260030,29968,11.5248,146186,56.2189,"Amazon ",Canada,43.7811
90023029,221909,268692,46767,17.4054,151139,56.2499,Staples,Canada,43.7501
90021092,222331,323563,101224,31.2842,182044,56.2623,UniEuro,"United Kingdom",43.7377
90020099,32552,32176,-488,-1.5167,18168,56.4644,"Integration Stores",Austria,43.5356
90009128,106425,118305,11853,10.0190,66889,56.5395,Propel,Newzealand,43.4605
90013121,102628,122314,19658,16.0717,69266,56.6297,Boulanger,Italy,43.3703
70002018,701283,742759,41476,5.5840,420936,56.6719,"Atliq e Store",India,43.3281
90002005,711058,729564,18506,2.5366,413684,56.7029,Lotus,India,43.2971
90021091,218161,309916,91739,29.6012,175761,56.7125,Expert,"United Kingdom",43.2875
90011186,204193,208439,4238,2.0332,118254,56.7331,Elite,France,43.2669
90010044,117056,138134,21055,15.2424,78399,56.7558,"Surface Stores",Bangladesh,43.2442
70009133,100607,109662,9030,8.2344,62432,56.9313,"AltiQ Exclusive",Newzealand,43.0687
90002006,722182,742758,20576,2.7702,423136,56.9682,Viveks,India,43.0318
90002004,769180,803515,34335,4.2731,458183,57.0223,"Vijay Sales",India,42.9777
70015151,151173,215643,64454,29.8892,123070,57.0712,"AltiQ Exclusive",Norway,42.9288
90011185,197195,200534,3337,1.6641,114545,57.1200,"Epic Stores",France,42.8800
90015145,136979,204748,67740,33.0846,117008,57.1473,Synthetic,Norway,42.8527
70021096,220245,316464,96199,30.3981,180961,57.1822,"Atliq e Store","United Kingdom",42.8178
90010046,110586,129789,19175,14.7740,74245,57.2044,"Amazon ",Bangladesh,42.7956
90002002,710324,755370,45046,5.9634,432224,57.2202,Croma,India,42.7798
70002017,685218,728761,43543,5.9749,417293,57.2606,"AltiQ Exclusive",India,42.7394
90002008,1207193,1264096,56903,4.5015,724123,57.2839,Amazon,India,42.7161
90020100,32756,33458,608,1.8172,19174,57.3077,Nova,Austria,42.6923
90018110,101275,103460,2161,2.0887,59381,57.3951,Boulanger,Spain,42.6049
70020104,33126,32816,-429,-1.3073,18851,57.4445,"Atliq e Store",Austria,42.5555
90018107,107194,107244,21,0.0196,61627,57.4643,Elite,Spain,42.5357
90018106,131807,131114,-680,-0.5186,75460,57.5530,Flipkart,Spain,42.4470
90002013,714570,746134,31564,4.2303,430464,57.6926,Electricalslytical,India,42.3074
90020103,32515,31787,-809,-2.5451,18357,57.7500,"Amazon ",Austria,42.2500
90002016,764235,798378,34143,4.2765,461711,57.8311,"Amazon ",India,42.1689
70011193,202295,202380,91,0.0450,117047,57.8353,"AltiQ Exclusive",France,42.1647
90002011,768151,770865,2714,0.3521,446120,57.8726,"Atliq Exclusive",India,42.1274
90011189,199542,201479,1942,0.9639,116664,57.9038,UniEuro,France,42.0962
90018112,107461,111440,3949,3.5436,64583,57.9532,Euronics,Spain,42.0468
90011192,213582,214685,1111,0.5175,124433,57.9607,"Amazon ",France,42.0393
90018111,106618,105292,-1360,-1.2916,61094,58.0234,"Media Markt",Spain,41.9766
90002015,728475,779900,51425,6.5938,453779,58.1843,Propel,India,41.8157
90018109,99911,103116,3174,3.0781,60154,58.3362,Chiptec,Spain,41.6638
90009129,101352,109526,8152,7.4430,63918,58.3587,Leader,Newzealand,41.6413
90002014,717074,731255,14181,1.9393,426963,58.3877,Expression,India,41.6123
90002009,912784,925896,13112,1.4161,540854,58.4141,Flipkart,India,41.5859
90018114,101895,102430,525,0.5125,59839,58.4194,"Amazon ",Spain,41.5806
90011191,209627,208802,-827,-0.3961,122049,58.4520,Sorefoz,France,41.5480
90020101,30397,30752,278,0.9040,18006,58.5523,Euronics,Austria,41.4477
90018108,108913,109350,437,0.3996,64027,58.5524,Relief,Spain,41.4476
70011194,202537,200844,-1692,-0.8424,117652,58.5788,"Atliq e Store",France,41.4212
70018115,105134,106360,1204,1.1320,62326,58.5991,"Atliq e Store",Spain,41.4009
90011190,197998,202417,4414,2.1806,118872,58.7263,"Media Markt",France,41.2737
90018113,101727,101658,-102,-0.1003,59726,58.7519,Elkjøp,Spain,41.2481
90011187,205446,209240,3787,1.8099,122947,58.7588,"Chip 7",France,41.2412
90018105,100975,100143,-879,-0.8777,59099,59.0146,"Integration Stores",Spain,40.9854
90024184,24121,21164,-2939,-13.8868,12645,59.7477,"Amazon ",Chile,40.2523
90011188,214952,212778,-2171,-1.0203,127289,59.8224,Elkjøp,France,40.1776
90024183,22229,20670,-1583,-7.6584,12399,59.9855,"Electricalsbea Stores",Chile,40.0145
90003179,366627,324273,-42347,-13.0591,196691,60.6560,"Acclaimed Stores",Indonesia,39.3440
90008165,245134,222090,-23021,-10.3656,134821,60.7056,"Forward Stores",Australia,39.2944
70008170,245921,223965,-21943,-9.7975,137175,61.2484,"Atliq e Store",Australia,38.7516
70005163,91411,81908,-9507,-11.6069,50193,61.2797,"Atliq e Store",Pakistan,38.7203
90022077,467929,420833,-47096,-11.1911,258990,61.5422,"Radio Shack",USA,38.4578
70008169,244355,222226,-22106,-9.9475,137542,61.8928,"AltiQ Exclusive",Australia,38.1072
90026205,35030,29882,-5110,-17.1006,18510,61.9436,"Amazon ",Mexico,38.0564
90003180,375980,329424,-46551,-14.1310,205979,62.5270,"Amazon ",Indonesia,37.4730
90005160,94584,85468,-9131,-10.6835,53519,62.6188,"Nomad Stores",Pakistan,37.3812
70003182,350840,310630,-40201,-12.9418,194679,62.6723,"Atliq e Store",Indonesia,37.3277
90005161,87395,78539,-8856,-11.2759,49316,62.7917,Zone,Pakistan,37.2083
90022083,500727,431049,-69678,-16.1648,271498,62.9854,Ebay,USA,37.0146
90022072,515693,447164,-68529,-15.3252,281835,63.0272,Path,USA,36.9728
90008166,249527,221127,-28397,-12.8419,139751,63.1994,Sound,Australia,36.8006
90005162,89516,77939,-11575,-14.8514,49327,63.2892,"Amazon ",Pakistan,36.7108
90008168,263902,234099,-29795,-12.7275,148337,63.3651,"Amazon ",Australia,36.6349
90022082,492326,413788,-78538,-18.9803,263364,63.6471,"Amazon ",USA,36.3529
90008164,273753,235026,-38718,-16.4739,150360,63.9759,Digimarket,Australia,36.0241
90005159,91487,80303,-11193,-13.9385,51407,64.0163,Expression,Pakistan,35.9837
90016173,52683,43568,-9103,-20.8938,28005,64.2788,Expert,Poland,35.7212
90022078,490310,421956,-68354,-16.1993,272046,64.4726,Costco,USA,35.5274
70022084,530155,443643,-86512,-19.5004,286432,64.5636,"AltiQ Exclusive",USA,35.4364
70016178,51995,44434,-7529,-16.9442,28695,64.5789,"Atliq e Store",Poland,35.4211
90022080,513823,444777,-69046,-15.5237,287308,64.5960,Staples,USA,35.4040
70016177,53066,43342,-9698,-22.3755,28014,64.6348,"AltiQ Exclusive",Poland,35.3652
90022075,505147,431868,-73279,-16.9679,279385,64.6922,BestBuy,USA,35.3078
90016172,57177,46087,-11083,-24.0480,29831,64.7276,Power,Poland,35.2724
90022076,530884,446132,-84752,-18.9971,289910,64.9830,"Circuit City",USA,35.0170
90008167,259762,226433,-33323,-14.7165,147681,65.2206,Electricalsocity,Australia,34.7794
70022085,478305,404483,-73822,-18.2510,263922,65.2492,"Atliq e Store",USA,34.7508
90022081,777382,641467,-135915,-21.1882,419293,65.3647,Amazon,USA,34.6353
90022071,511082,430881,-80201,-18.6133,281873,65.4178,"Acclaimed Stores",USA,34.5822
70003181,341482,306647,-34832,-11.3590,200702,65.4505,"AltiQ Exclusive",Indonesia,34.5495
90022079,516429,436889,-79540,-18.2060,285946,65.4505,walmart,USA,34.5495
90004066,48702,39047,-9621,-24.6395,25731,65.8975,"Surface Stores",Japan,34.1025
90016171,54899,45374,-9486,-20.9062,29952,66.0114,"Electricalsara Stores",Poland,33.9886
90016175,54803,45384,-9405,-20.7232,29977,66.0519,"Argos (Sainsbury's)",Poland,33.9481
90022073,491725,411476,-80249,-19.5027,272369,66.1932,Control,USA,33.8068
90016174,53358,43842,-9504,-21.6778,29158,66.5070,"Currys (Dixons Carphone)",Poland,33.4930
90016176,56974,47385,-9553,-20.1604,31589,66.6646,"Amazon ",Poland,33.3354
90022074,629907,525718,-104189,-19.8184,350847,66.7367,Flipkart,USA,33.2633
90004062,49011,39528,-9432,-23.8616,26402,66.7932,"Flawless Stores",Japan,33.2068
70026206,36181,28792,-7368,-25.5904,19260,66.8936,"Atliq e Store",Mexico,33.1064
70004069,48332,38362,-9917,-25.8511,25791,67.2306,"AltiQ Exclusive",Japan,32.7694
90004061,48186,37371,-10760,-28.7924,25590,68.4756,"Info Stores",Japan,31.5244
90004065,47265,37357,-9848,-26.3619,25768,68.9777,Neptune,Japan,31.0223
90004067,81893,63675,-18192,-28.5701,44090,69.2422,Amazon,Japan,30.7578
90004063,50885,39884,-10959,-27.4772,27639,69.2985,"Electricalsbea Stores",Japan,30.7015
70004070,50355,38714,-11601,-29.9659,27205,70.2717,"Atliq e Store",Japan,29.7283
90004064,52936,40511,-12383,-30.5670,28491,70.3290,All-Out,Japan,29.6710
90004068,51922,41046,-10806,-26.3266,29160,71.0422,"Amazon ",Japan,28.9578
90006156,212263,157382,-54867,-34.8623,113381,72.0419,"Amazon ",Philiphines,27.9581
90006153,195964,145459,-50490,-34.7108,106318,73.0914,Insight,Philiphines,26.9086
90019200,28356,20261,-7947,-39.2231,14875,73.4169,Sorefoz,Sweden,26.5831
80006155,829053,599962,-229091,-38.1843,448279,74.7179,Novus,Philiphines,25.2821
70006157,193424,141114,-52295,-37.0587,105509,74.7686,"AltiQ Exclusive",Philiphines,25.2314
90012038,109442,77880,-31511,-40.4610,58561,75.1939,Expert,Germany,24.8061
80006154,789531,576158,-213373,-37.0338,434273,75.3739,Synthetic,Philiphines,24.6261
70006158,202406,142913,-59474,-41.6155,107860,75.4725,"Atliq e Store",Philiphines,24.5275
70019204,27840,19660,-8065,-41.0224,15009,76.3428,"Atliq e Store",Sweden,23.6572
90012041,110871,77948,-32863,-42.1602,59603,76.4651,"Amazon ",Germany,23.5349
90019201,25685,18154,-7378,-40.6412,13948,76.8316,Expert,Sweden,23.1684
70012042,109259,77193,-32043,-41.5102,59451,77.0161,"AltiQ Exclusive",Germany,22.9839
90012033,109318,75916,-33378,-43.9670,58752,77.3908,Digimarket,Germany,22.6092
90012039,117037,81873,-35134,-42.9128,63616,77.7008,"Currys (Dixons Carphone)",Germany,22.2992
90012040,116151,84053,-32044,-38.1236,65598,78.0436,Fnac-Darty,Germany,21.9564
70012043,114116,80288,-33798,-42.0960,64318,80.1091,"Atliq e Store",Germany,19.8909
80007195,1443568,976823,-466745,-47.7819,786971,80.5643,Sage,"South Korea",19.4357
90012037,110414,77018,-33344,-43.2938,62164,80.7136,Saturn,Germany,19.2864
90012035,116882,80144,-36690,-45.7801,64924,81.0092,Notebillig,Germany,18.9908
90019203,27550,19060,-8313,-43.6149,15455,81.0860,"Amazon ",Sweden,18.9140
90019202,26581,18218,-8158,-44.7799,14782,81.1395,"Argos (Sainsbury's)",Sweden,18.8605
90012034,112107,76252,-35821,-46.9771,62141,81.4943,Otto,Germany,18.5057
90012036,118242,80386,-37793,-47.0144,65585,81.5876,Billa,Germany,18.4124
80007196,1456255,986574,-469681,-47.6073,807109,81.8093,Leader,"South Korea",18.1907
70007199,358064,236637,-121411,-51.3069,194937,82.3781,"Atliq e Store","South Korea",17.6219
70007198,345667,228104,-117542,-51.5300,188560,82.6640,"AltiQ Exclusive","South Korea",17.3360
90007197,344240,226857,-117368,-51.7366,191032,84.2081,"Amazon ","South Korea",15.7919
90014136,84808,48442,-36201,-74.7306,48253,99.6098,"Reliance Digital",Netherlands,0.3902
70014142,81324,44740,-36439,-81.4461,47723,106.6674,"AltiQ Exclusive",Netherlands,0.0000
70014143,81942,45345,-36432,-80.3440,48348,106.6226,"Atliq e Store",Netherlands,0.0000
90014135,82731,46718,-35871,-76.7820,48267,103.3156,"Electricalslance Stores",Netherlands,0.0000
90014137,77931,44802,-32922,-73.4833,45522,101.6071,"Media Markt",Netherlands,0.0000
90014138,79249,43779,-35284,-80.5957,45612,104.1869,Mbit,Netherlands,0.0000
90014139,83198,46240,-36790,-79.5631,48242,104.3296,Elkjøp,Netherlands,0.0000
90014140,85581,47577,-37842,-79.5384,49586,104.2226,"Radio Popular",Netherlands,0.0000
90014141,77462,43905,-33412,-76.1007,44852,102.1569,"Amazon ",Netherlands,0.0000
