date,total_gross_price
"2017-09-01 00:00:00",41687.11
"2017-10-01 00:00:00",56290.41
"2017-12-01 00:00:00",68176.25
"2018-01-01 00:00:00",41944.09
"2018-02-01 00:00:00",40124.56
"2018-04-01 00:00:00",40012.52
"2018-05-01 00:00:00",35694.64
"2018-06-01 00:00:00",42304.67
"2018-08-01 00:00:00",38253.94
"2018-09-01 00:00:00",139077.19
"2018-10-01 00:00:00",184529.82
"2018-12-01 00:00:00",260971.02
"2019-01-01 00:00:00",143582.26
"2019-02-01 00:00:00",153271.71
"2019-04-01 00:00:00",133379.99
"2019-05-01 00:00:00",139435.73
"2019-06-01 00:00:00",153262.89
"2019-08-01 00:00:00",147305.13
"2019-09-01 00:00:00",391436.31
"2019-10-01 00:00:00",488737.56
"2019-12-01 00:00:00",677693.41
"2020-01-01 00:00:00",383126.06
"2020-02-01 00:00:00",404230.45
"2020-04-01 00:00:00",466023.45
"2020-05-01 00:00:00",615138.28
"2020-06-01 00:00:00",712345.21
"2020-08-01 00:00:00",364733.46
"2020-09-01 00:00:00",1187128.92
"2020-10-01 00:00:00",1471983.13
"2020-12-01 00:00:00",2079399.47
"2021-01-01 00:00:00",1197134.74
"2021-02-01 00:00:00",1190387.81
"2021-04-01 00:00:00",1200045.04
"2021-05-01 00:00:00",1182895.45
"2021-06-01 00:00:00",1203991.00
"2021-08-01 00:00:00",1156772.31
"2021-09-01 00:00:00",5454116.58
"2021-10-01 00:00:00",6610367.95
"2021-12-01 00:00:00",10078010.28
